data_ref_hist,data_atual,dia_da_semana,antecedencia,rota_principal,sentido,tipo_assento,turno,buscas_hist,buscas_atual,pax_atual,capacidade_atual,vagas_restantes,ocupacao_atual,lf_hist,lf_atual,ratio_lf_hist,price_cc,tkm_hist,tkm_atual,mult_atual_aplicado,data_atualizacao,preco_cenario_atual,mult_flutuacao,preco_flutuacao,preco_maximo_feriado,ultimas_datas_reserva,ultimos_valores_pagos,aba
2026-07-05,2026-07-10,6,15,SAO-VIX,VIX-SAO,semi leito,TARDE,,,42.0,56.0,14.0,0.75,0.3644,0.5261,1.4438,289.91,225.07833333333335,166.07,1.2204,2026-06-22 19:35:33.320074,200.9,1.5500521533635927,311.41,704.45,24/06 17:53 | 24/06 15:02 | 24/06 14:10 | 22/06 12:46 | 19/06 23:10,244.9 | 255.9 | 255.9 | 247.9 | 247.9,aba_c
2026-07-07,2026-07-12,1,17,OLP-SAO,OLP-SAO,semi leito,MANHA,,,22.0,46.0,24.0,0.4783,0.2632,0.4636,1.7614,199.05,161.79,116.17,1.4204,2026-06-22 19:35:33.320074,164.9,1.48,244.05,242.55,15/06 14:29 | 15/06 14:29 | 31/05 11:03 | 31/05 11:03 | 16/04 07:53,180.9 | 180.9 | 107.9 | 107.9 | 0.0,aba_c
2026-07-03,2026-07-08,4,13,BHZ-SJK,SJK-BHZ,semi leito,TARDE,,,28.0,60.0,32.0,0.4667,0.3508,0.3912,1.1152,,209.04,183.4,1.3528,2026-06-22 19:35:33.320074,158.9,1.309338174375,208.05,531.72,,,aba_c
2026-07-04,2026-07-09,5,14,RAO-SAO,RAO-SAO,semi leito,MADRUGADA,,,48.0,106.0,58.0,0.4528,0.2791,0.3947,1.4143,155.6305555555556,95.20833333333333,91.13,1.2438,2026-06-22 19:35:33.320074,101.9,1.4102425042270004,143.7,148.52,18/06 17:25 | 18/06 17:25 | 16/06 19:12 | 16/06 19:12 | 16/06 19:08,112.9 | 112.9 | 91.9 | 91.9 | 91.9,aba_c
2026-07-06,2026-07-11,7,16,CMP-RIO,RIO-CMP,semi leito,NOITE,,,27.0,60.0,33.0,0.45,0.2451,0.413,1.6848,157.445,116.54166666666667,102.16,1.3843,2026-06-12 16:53:55.595132,111.9,1.4544209174018667,162.75,251.5,24/06 12:12 | 22/06 19:24 | 22/06 19:24 | 22/06 11:35 | 11/06 11:37,145.9 | 220.9 | 220.9 | 0.0 | 143.9,aba_c
2026-07-06,2026-07-11,7,16,RIO-UDI,RIO-UDI,semi leito,NOITE,,,23.0,56.0,33.0,0.4107,0.2358,0.3127,1.3264,287.825,185.035,166.2,1.198,2026-06-15 13:11:46.491547,214.9,1.10249964,236.93,549.45,23/06 23:24 | 23/06 23:24 | 23/06 14:25 | 23/06 14:25 | 15/06 11:33,194.9 | 194.9 | 0.0 | 0.0 | 152.9,aba_c
2026-07-03,2026-07-08,4,13,BOA-MAN,BOA-MAN,semi leito,NOITE,,,17.0,42.0,25.0,0.4048,0.0,0.4008,,255.36526315789476,183.13,170.66,1.2872,2026-06-22 19:35:33.320074,219.9,1.4399513493749998,316.65,455.06,16/06 13:48 | 16/06 13:48 | 16/06 13:48 | 15/06 09:18 | 15/06 09:18,219.9 | 219.9 | 219.9 | 189.9 | 189.9,aba_c
2026-07-04,2026-07-09,5,14,BHZ-VIX,VIX-BHZ,semi leito,NOITE,,,60.0,149.0,89.0,0.4027,0.2994,0.3357,1.121,113.49,135.2483333333333,117.38,1.2346,2026-06-12 16:53:55.595132,143.9,1.1025,158.65,436.02,,,aba_c
2026-07-04,2026-07-09,5,14,BHZ-SJK,SJK-BHZ,semi leito,TARDE,,,16.0,40.0,24.0,0.4,0.1114,0.3654,3.281,239.89,168.38,152.65,1.2198,2026-06-22 19:35:33.320074,158.9,1.26511875,201.03,531.72,,,aba_c
2026-07-03,2026-07-08,4,13,MCL-SAO,SAO-MCL,semi leito,TARDE,,,23.0,60.0,37.0,0.3833,0.3053,0.309,1.012,401.95,211.12,155.51,1.3896,2026-06-22 19:35:33.320074,199.9,1.2589027349632256,251.65,413.6,24/06 11:14 | 24/06 10:01 | 24/06 10:01 | 23/06 15:39 | 22/06 18:41,249.9 | 0.0 | 0.0 | 189.9 | 352.9,aba_c
2026-07-07,2026-07-12,1,17,BHZ-DTI,DTI-BHZ,semi leito,TARDE,,,17.0,45.0,28.0,0.3778,0.2309,0.3293,1.4262,170.04500000000002,127.72,99.31,1.2024,2026-06-22 19:35:33.320074,138.9,1.1548687499999999,160.41,189.44,24/06 15:33 | 24/06 15:33 | 24/06 15:33 | 23/06 19:45 | 23/06 18:29,124.9 | 124.9 | 124.9 | 85.9 | 85.9,aba_c
2026-07-07,2026-07-12,1,17,CMP-GUR,GUR-CMP,semi leito,TARDE,,,17.0,45.0,28.0,0.3778,0.0996,0.3078,3.0895,,151.84,126.02,1.3623,2026-06-24 20:36:10.611320,161.9,1.0,161.9,172.8,,,aba_c
2026-07-08,2026-07-13,2,18,GVS-SAO,SAO-GVS,semi leito,NOITE,,,24.0,64.0,40.0,0.375,0.2935,0.3221,1.0976,280.63399999999996,164.7,138.03,1.4153,2026-06-22 19:35:33.320074,176.9,1.3106584796484375,231.86,419.4,21/06 15:01 | 18/06 15:40 | 18/06 15:40 | 16/06 12:21 | 15/06 09:52,47.9 | 290.9 | 290.9 | 124.9 | 160.9,aba_c
2026-07-06,2026-07-11,7,16,BHZ-VIX,BHZ-VIX,semi leito,NOITE,,,39.0,105.0,66.0,0.3714,0.1767,0.2968,1.6795,161.30357142857142,135.2483333333333,114.59,1.408,2026-06-15 13:11:46.491547,147.9,1.1548687499999999,170.81,436.02,,,aba_c
2026-07-06,2026-07-11,7,16,CGR-SAO,CGR-SAO,semi leito,TARDE,,,22.0,60.0,38.0,0.3667,0.2371,0.3476,1.4657,470.66,181.28799999999998,166.67,1.5419,2026-06-22 19:35:33.320074,208.9,1.258905099375,262.99,431.29,24/06 18:55 | 24/06 18:55 | 24/06 16:46 | 24/06 16:46 | 23/06 20:10,222.9 | 222.9 | 0.0 | 0.0 | 212.9,aba_c
2026-07-07,2026-07-12,1,17,CGR-SAO,CGR-SAO,semi leito,NOITE,,,22.0,60.0,38.0,0.3667,0.2536,0.3399,1.3403,470.66,223.92,202.9,1.5538,2026-06-22 19:35:33.320074,232.9,1.2589027349632256,293.2,431.29,,,aba_c
2026-07-04,2026-07-09,5,14,BHZ-VIX,BHZ-VIX,semi leito,NOITE,,,83.0,229.0,146.0,0.3624,0.2399,0.2799,1.1668,115.24222222222222,135.2483333333333,114.12,1.2703,2026-06-22 19:35:33.320074,162.9,,162.9,436.02,,,aba_c
2026-07-03,2026-07-08,4,13,QDC-SAO,QDC-SAO,semi leito,NOITE,,,16.0,45.0,29.0,0.3556,0.2671,0.3124,1.1694,301.89692307692314,169.195,155.4,1.2981,2026-06-15 13:11:46.491547,197.9,1.2524,247.85,256.0,16/06 19:02 | 16/06 19:02 | 15/06 15:54 | 14/06 13:01 | 14/06 13:01,213.9 | 213.9 | 204.9 | 168.9 | 168.9,aba_c
2026-07-03,2026-07-08,4,13,CAB-SAO,SAO-CAB,semi leito,NOITE,,,31.0,88.0,57.0,0.3523,0.4161,0.4292,1.0315,190.90000000000003,203.33999999999997,141.74,1.1919,2026-06-22 19:35:33.320074,170.9,1.207159613515625,206.3,450.06,,,aba_c
2026-07-05,2026-07-10,6,15,CAB-SAO,SAO-CAB,semi leito,NOITE,,,31.0,88.0,57.0,0.3523,0.2163,0.2819,1.3033,191.4,151.315,125.84,1.54,2026-06-24 20:36:10.611320,200.9,,200.9,450.06,,,aba_c
2026-07-04,2026-07-09,5,14,RIO-SAO,SAO-RIO,semi leito,MANHA,,,39.0,112.0,73.0,0.3482,0.2343,0.2636,1.1247,115.4339393939393,106.80666666666666,82.0,1.6353,2026-06-22 19:35:33.320074,147.9,1.1548687499999999,170.81,264.6,21/06 11:56 | 10/06 14:43 | 10/06 14:43 | 08/06 07:01 | 08/06 06:56,111.9 | 79.9 | 79.9 | 0.0 | 71.9,aba_c
2026-07-08,2026-07-13,2,18,CAB-JDF,CAB-JDF,semi leito,NOITE,,,15.0,45.0,30.0,0.3333,0.0246,0.3274,13.2803,187.80000000000004,70.19,60.83,1.0549,2026-06-22 19:35:33.320074,76.9,1.3202437500000002,101.53,154.16,,,aba_c
2026-07-06,2026-07-11,7,16,CDG-RIO,CDG-RIO,semi leito,MANHA,,,15.0,46.0,31.0,0.3261,0.3033,0.3137,1.0343,137.904,85.94666666666667,74.97,1.226,,99.9,1.2075,120.63,199.5,24/06 18:14 | 24/06 18:14 | 24/06 14:05 | 24/06 14:05 | 24/06 14:05,80.9 | 80.9 | 76.9 | 76.9 | 76.9,aba_c
2026-07-07,2026-07-12,1,17,BHZ-CMP,BHZ-CMP,semi leito,NOITE,,,13.0,40.0,27.0,0.325,0.3249,0.3592,1.1057,211.17,237.64,149.28,1.415548098434003,,172.9,1.25,216.13,369.18,,,aba_c
2026-07-06,2026-07-11,7,16,BHZ-SJK,BHZ-SJK,semi leito,NOITE,,,13.0,40.0,27.0,0.325,0.2539,0.29,1.1421,280.4975,158.1,118.28,1.1998,2026-06-22 19:35:33.320074,124.9,1.2584010624609374,157.17,531.72,,,aba_c
2026-07-05,2026-07-10,6,15,CMP-RIO,RIO-CMP,semi leito,NOITE,,,19.0,60.0,41.0,0.3167,0.2587,0.2825,1.0918,164.945,116.54166666666667,102.79,1.0533203748006374,,99.9,1.05,104.9,251.5,24/06 18:22 | 24/06 18:16 | 24/06 13:39 | 23/06 18:22 | 23/06 18:01,66.9 | 127.9 | 85.9 | 149.9 | 149.9,aba_c
2026-07-03,2026-07-08,4,13,CMP-GUR,CMP-GUR,semi leito,NOITE,,,14.0,45.0,31.0,0.3111,0.1392,0.2435,1.7494,,100.64,100.54,1.4727,2026-06-24 20:36:10.611320,158.9,0.95,150.96,172.8,,,aba_c
2026-07-07,2026-07-12,1,17,BRU-SAO,SAO-BRU,semi leito,NOITE,,,13.0,42.0,29.0,0.3095,0.0838,0.3095,3.6919,164.1185714285714,89.9,73.13,1.4134,2026-06-22 19:35:33.320074,169.9,1.11,188.59,143.62,16/06 19:26 | 16/06 19:26 | 16/06 12:18 | 16/06 11:57 | 16/06 11:52,80.9 | 80.9 | 88.9 | 88.9 | 88.9,aba_c
2026-07-08,2026-07-13,2,18,SAO-VIX,VIX-SAO,semi leito,TARDE,,,17.0,56.0,39.0,0.3036,0.1897,0.3125,1.647,273.36666666666673,263.845,153.37,1.3521,2026-06-22 19:35:33.320074,221.9,1.35991757416068,301.77,704.45,18/06 09:54 | 18/06 08:47 | 11/06 23:03 | 11/06 20:47 | 11/06 11:56,204.9 | 204.9 | 160.9 | 177.9 | 0.0,aba_c
2026-07-06,2026-07-11,7,16,SAO-VIX,VIX-SAO,leito individual,NOITE,,,13.0,43.0,30.0,0.3023,0.1953,0.2656,1.36,255.07999999999996,233.51833333333335,189.98,1.2705,2026-06-15 13:11:46.491547,,1.1548687499999999,,704.45,19/06 10:59 | 18/06 09:08 | 14/06 08:03 | 14/06 08:03 | 13/06 17:34,0.0 | 263.9 | 223.9 | 223.9 | 213.9,aba_c
2026-07-08,2026-07-13,2,18,RAO-RIO,RAO-RIO,semi leito,TARDE,,,16.0,53.0,37.0,0.3019,0.1829,0.2697,1.4742,194.99,181.78,122.78,1.2754,2026-06-22 19:35:33.320074,191.9,1.1025,211.57,359.66,,,aba_c
2026-07-03,2026-07-08,4,13,BHZ-CMP,CMP-BHZ,semi leito,NOITE,,,12.0,40.0,28.0,0.3,0.4871,0.5322,1.0925,193.66000000000003,254.23,119.07,1.2088,2026-06-12 16:53:55.595132,115.9,1.670413647990206,193.6,369.18,,,aba_c
2026-07-03,2026-07-08,4,13,BHZ-GYN,GYN-BHZ,semi leito,NOITE,,,18.0,60.0,42.0,0.3,0.0,0.2628,,206.2242857142857,244.33,119.18,1.4013,2026-06-18 22:10:03.949681,134.9,1.1548687499999999,155.79,368.34,16/06 11:18 | 15/06 21:28 | 12/06 09:39 | 12/06 09:39 | 19/05 23:45,113.9 | 265.9 | 90.9 | 90.9 | 89.9,aba_c
2026-07-02,2026-07-07,3,12,BHZ-SJK,SJK-BHZ,semi leito,TARDE,,,12.0,40.0,28.0,0.3,0.1232,0.2509,2.0359,,145.82,121.9,1.1385646877144837,,133.9,0.9974999314058028,133.57,531.72,,,aba_c
2026-07-04,2026-07-09,5,14,CGR-SAO,CGR-SAO,semi leito,TARDE,,,18.0,60.0,42.0,0.3,0.2484,0.2984,1.2013,470.66,181.28799999999998,156.46,1.231,2026-06-22 19:35:33.320074,194.9,1.20999375,235.83,431.29,24/06 18:49 | 22/06 19:10 | 15/06 22:41 | 15/06 22:41 | 15/06 22:41,273.9 | 0.0 | 164.9 | 164.9 | 164.9,aba_c
2026-07-05,2026-07-10,6,15,MCE-RIO,MCE-RIO,semi leito,NOITE,,,13.0,44.0,31.0,0.2955,0.1137,0.2651,2.3325,,43.504000000000005,38.67,1.4305,2026-06-22 19:35:33.320074,71.9,1.19,85.56,86.43,15/06 11:37 | 14/06 17:28 | 14/06 06:59 | 12/06 17:49 | 11/06 13:11,46.9 | 45.9 | 0.0 | 0.0 | 41.9,aba_c
2026-07-08,2026-07-13,2,18,BAT-SAO,BAT-SAO,semi leito,MANHA,,,13.0,45.0,32.0,0.2889,0.1404,0.2497,1.7779,169.64166666666665,120.5,74.13,1.325,2026-06-22 19:35:33.320074,164.9,1.1,181.39,252.3,21/06 15:59 | 18/06 23:19 | 18/06 23:19 | 15/06 13:40 | 15/06 13:40,0.0 | 0.0 | 0.0 | 90.9 | 90.9,aba_c
2026-07-08,2026-07-13,2,18,BAT-SAO,BAT-SAO,semi leito,NOITE,,,13.0,45.0,32.0,0.2889,0.2136,0.2631,1.2316,159.0,126.67,113.44,1.7338,2026-06-22 19:35:33.320074,225.9,1.14,257.53,252.3,19/06 10:35 | 19/06 07:13 | 11/06 11:45 | 11/06 11:45 | 11/06 11:45,131.9 | 0.0 | 111.9 | 111.9 | 111.9,aba_c
2026-07-07,2026-07-12,1,17,BAT-SAO,SAO-BAT,semi leito,MANHA,,,13.0,45.0,32.0,0.2889,0.1713,0.259,1.5114,232.85,168.385,126.13,1.4354,2026-06-22 19:35:33.320074,196.9,1.1,216.59,252.3,23/06 08:16 | 21/06 22:05 | 19/06 11:49 | 10/06 10:16 | 10/06 10:16,163.9 | 0.0 | 129.9 | 126.9 | 126.9,aba_c
2026-07-04,2026-07-09,5,14,SAO-VIX,SAO-VIX,semi leito,TARDE,,,16.0,56.0,40.0,0.2857,0.2609,0.2645,1.0138,283.51,225.07833333333335,143.84,1.1963,2026-06-22 19:35:33.320074,186.9,1.2069894202734375,225.59,704.45,23/06 10:42 | 23/06 10:42 | 22/06 19:08 | 22/06 11:29 | 17/06 06:52,170.9 | 170.9 | 159.9 | 159.9 | 152.9,aba_c
2026-07-07,2026-07-12,1,17,BRU-SAO,SAO-BRU,semi leito,MANHA,,,13.0,46.0,33.0,0.2826,0.1708,0.2628,1.5388,165.26749999999996,92.47,58.59,1.2778,2026-06-22 19:35:33.320074,91.9,1.206975,110.92,143.62,22/06 21:58 | 22/06 21:58 | 21/06 20:08 | 21/06 20:08 | 21/06 20:08,76.9 | 76.9 | 55.9 | 55.9 | 55.9,aba_c
2026-07-03,2026-07-08,4,13,RAO-SAO,RAO-SAO,semi leito,MADRUGADA,,,29.0,106.0,77.0,0.2736,0.0578,0.2551,4.4153,155.63,98.255,80.18,1.3445,2026-06-22 19:35:33.320074,115.9,1.1548687499999999,133.85,148.52,24/06 21:22 | 24/06 21:22 | 24/06 21:22 | 24/06 21:22 | 19/06 17:44,105.9 | 105.9 | 105.9 | 105.9 | 105.9,aba_c
2026-07-06,2026-07-11,7,16,QAK-SAO,QAK-SAO,semi leito,NOITE,,,12.0,44.0,32.0,0.2727,0.1529,0.2482,1.623,241.0,123.67250000000001,112.57,1.4968,2026-06-22 19:35:33.320074,165.9,1.258905099375,208.85,284.0,24/06 20:40 | 24/06 20:40 | 21/06 21:57 | 20/06 22:46 | 20/06 22:46,162.9 | 162.9 | 110.9 | 124.9 | 124.9,aba_c
2026-07-04,2026-07-09,5,14,BHZ-GYN,GYN-BHZ,semi leito,NOITE,,,16.0,60.0,44.0,0.2667,0.1994,0.2603,1.3057,284.94,127.63999999999999,108.96,1.3137,2026-06-18 22:10:03.949681,147.9,1.1549999999999998,170.82,368.34,16/06 13:32 | 16/06 13:32 | 16/06 13:32 | 16/06 13:32 | 14/06 17:14,111.9 | 111.9 | 111.9 | 111.9 | 100.9,aba_c
2026-07-05,2026-07-10,6,15,CGR-SAO,CGR-SAO,semi leito,TARDE,,,16.0,60.0,44.0,0.2667,0.2484,0.2608,1.0501,470.66,181.28799999999998,153.9,1.4522,2026-06-22 19:35:33.320074,229.9,1.05,241.4,431.29,24/06 14:30 | 20/06 18:06 | 18/06 01:06 | 15/06 23:53 | 15/06 23:53,194.9 | 184.9 | 111.9 | 142.9 | 142.9,aba_c
2026-07-02,2026-07-07,3,12,BOA-MAN,MAN-BOA,semi leito,NOITE,,,11.0,42.0,31.0,0.2619,0.0952,0.2529,2.6553,275.1375,151.875,147.99,1.3015,2026-06-22 19:35:33.320074,212.9,1.1548687499999999,245.87,455.06,20/06 21:40 | 20/06 15:17 | 17/06 20:30 | 17/06 20:30 | 17/06 19:57,176.9 | 176.9 | 167.9 | 167.9 | 0.0,aba_c
2026-07-04,2026-07-09,5,14,BRU-SAO,SAO-BRU,semi leito,TARDE,,,11.0,42.0,31.0,0.2619,0.0762,0.2407,3.1599,165.32464285714283,63.18333333333334,61.63,1.2819,2026-06-22 19:35:33.320074,87.9,1.1548687499999999,101.51,143.62,24/06 14:36 | 21/06 17:27 | 21/06 17:27 | 20/06 16:58 | 20/06 16:58,76.9 | 61.9 | 61.9 | 61.9 | 61.9,aba_c
2026-07-04,2026-07-09,5,14,BAT-SAO,BAT-SAO,semi leito,TARDE,,,12.0,46.0,34.0,0.2609,0.0516,0.2354,4.5656,167.25,84.14,74.65,1.1602,2026-06-12 18:08:27.453643,143.9,1.1548687499999999,166.19,252.3,23/06 15:40 | 23/06 15:40 | 23/06 15:40 | 12/06 09:28 | 08/06 21:10,105.9 | 105.9 | 105.9 | 0.0 | 83.9,aba_c
2026-07-02,2026-07-07,3,12,ARB-SAO,SAO-ARB,semi leito,NOITE,,,29.0,116.0,87.0,0.25,0.1808,0.2314,1.2802,195.53,134.57999999999998,119.0,1.2392,2026-06-12 16:53:55.595132,131.9,1.1,145.09,317.4,,,aba_c
2026-07-04,2026-07-09,5,14,CAB-SAO,SAO-CAB,semi leito,NOITE,,,22.0,88.0,66.0,0.25,0.2253,0.2346,1.0414,190.90000000000003,151.315,140.31,1.2125,2026-06-15 13:11:46.491547,165.9,0.9499999999999998,157.61,450.06,,,aba_c
2026-07-05,2026-07-10,6,15,MCE-SAO,SAO-MCE,semi leito,NOITE,,,11.0,44.0,33.0,0.25,0.162,0.2408,1.4868,206.03999999999996,129.2725,114.63,1.4283,2026-06-22 19:35:33.320074,182.9,1.1,201.19,284.28,23/06 10:52 | 15/06 20:31 | 15/06 19:11 | 15/06 19:11 | 15/06 19:11,134.9 | 119.9 | 119.9 | 119.9 | 119.9,aba_c
2026-07-05,2026-07-10,6,15,CDG-RIO,RIO-CDG,semi leito,NOITE,,,11.0,46.0,35.0,0.2391,0.1724,0.2332,1.3525,145.42333333333337,65.29166666666667,63.99,1.03275,,83.9,1.1549999999999998,96.9,199.5,24/06 21:08 | 24/06 21:08 | 23/06 21:07 | 23/06 17:11 | 23/06 17:02,66.9 | 66.9 | 67.9 | 62.9 | 62.9,aba_c
2026-07-05,2026-07-10,6,15,OLP-SAO,OLP-SAO,semi leito,MANHA,,,11.0,46.0,35.0,0.2391,0.1253,0.2187,1.7446,199.05000000000004,97.11,79.26,1.3435,2026-06-24 20:36:10.611320,148.9,1.206975,179.72,242.55,15/06 17:06 | 15/06 15:59 | 09/06 22:46 | 09/06 22:46 | 09/06 22:46,74.9 | 0.0 | 89.9 | 89.9 | 89.9,aba_c
2026-07-04,2026-07-09,5,14,BHZ-SAO,SAO-BHZ,semi leito,MANHA,,,10.0,42.0,32.0,0.2381,0.1059,0.1432,1.3518,204.0435714285714,96.135,92.1,1.3866,2026-06-22 19:35:33.320074,132.9,1.1025,146.52,301.5,22/06 18:24 | 22/06 18:24 | 22/06 17:48 | 22/06 17:48 | 22/06 17:48,0.0 | 0.0 | 138.9 | 138.9 | 0.0,aba_c
2026-07-07,2026-07-12,1,17,QDC-SAO,SAO-QDC,semi leito,NOITE,,,10.0,42.0,32.0,0.2381,0.1523,0.1827,1.2,310.33,187.5,158.5,1.2812,2026-06-12 18:08:27.453643,245.9,1.04,255.74,256.0,22/06 16:11 | 22/06 16:11 | 16/06 20:28 | 14/06 16:41 | 09/06 20:34,237.9 | 237.9 | 217.9 | 191.9 | 57.9,aba_c
2026-07-05,2026-07-10,6,15,BHZ-SJK,SJK-BHZ,semi leito,TARDE,,,14.0,60.0,46.0,0.2333,0.082,0.2067,2.5203,289.89,168.38,146.76,1.2571,2026-06-22 19:35:33.320074,155.9,1.0,155.9,531.72,,,aba_c
2026-07-08,2026-07-13,2,18,GVS-SAO,GVS-SAO,semi leito,TARDE,,,14.0,60.0,46.0,0.2333,0.1351,0.2026,1.4992,245.63181818181818,149.26,139.11,1.3501,2026-06-22 19:35:33.320074,186.9,1.1025,206.06,419.4,24/06 16:15 | 24/06 12:52 | 24/06 12:52 | 21/06 22:31 | 15/06 11:58,155.9 | 158.9 | 158.9 | 159.9 | 123.9,aba_c
2026-07-04,2026-07-09,5,14,SAO-VIX,VIX-SAO,leito,NOITE,,,10.0,43.0,33.0,0.2326,0.2038,0.2138,1.0489,277.915294117647,233.51833333333335,231.5,1.1211,2026-06-22 19:35:33.320074,286.9,1.1025,316.31,704.45,20/06 21:50 | 20/06 21:50 | 20/06 21:50 | 16/06 11:45 | 15/06 16:55,0.0 | 0.0 | 0.0 | 231.9 | 243.9,aba_c
2026-07-07,2026-07-12,1,17,CAB-SAO,SAO-CAB,semi leito,NOITE,,,20.0,88.0,68.0,0.2273,0.2077,0.3076,1.4812,191.40000000000003,181.55,137.05,1.3841,2026-06-12 16:53:55.595132,171.9,1.1025,189.52,450.06,,,aba_c
2026-07-08,2026-07-13,2,18,BHZ-SJK,SJK-BHZ,semi leito,NOITE,,,9.0,40.0,31.0,0.225,0.116,0.2211,1.9071,279.4225,175.56,171.12,1.2871,2026-06-22 19:35:33.320074,159.9,1.1,175.89,531.72,,,aba_c
2026-07-08,2026-07-13,2,18,PNV-SAO,SAO-PNV,semi leito,NOITE,,,10.0,45.0,35.0,0.2222,0.1682,0.2037,1.2115,335.91,179.17,154.8,1.4127,2026-06-15 13:11:46.491547,214.9,1.1549999999999998,248.21,421.8,24/06 21:32 | 24/06 21:32 | 23/06 00:03 | 22/06 13:25 | 17/06 12:44,175.9 | 175.9 | 0.0 | 115.9 | 188.9,aba_c
2026-07-07,2026-07-12,1,17,OLP-SAO,SAO-OLP,semi leito,NOITE,,,10.0,46.0,36.0,0.2174,0.1086,0.1995,1.837,248.9,132.785,115.5,1.3312,2026-06-22 19:35:33.320074,178.9,1.1548687499999999,206.61,242.55,19/06 14:12 | 19/06 14:12 | 17/06 01:17 | 12/06 18:23 | 12/06 18:23,151.9 | 151.9 | 85.9 | 135.9 | 135.9,aba_c
2026-07-04,2026-07-09,5,14,QDC-SAO,QDC-SAO,semi leito,NOITE,,,9.0,42.0,33.0,0.2143,0.0597,0.1653,2.7708,301.89692307692314,131.535,128.12,1.1965,2026-06-22 19:35:33.320074,200.9,,200.9,256.0,24/06 18:31 | 23/06 20:22 | 21/06 21:25 | 21/06 21:25 | 19/06 12:59,137.9 | 138.9 | 143.9 | 143.9 | 131.9,aba_c
2026-07-08,2026-07-13,2,18,BHZ-VIX,BHZ-VIX,semi leito,NOITE,,,35.0,165.0,130.0,0.2121,0.2076,0.2189,1.0541,113.51083333333334,136.79500000000002,99.87,1.4967,2026-06-12 18:08:27.453643,165.9,1.0999999999999999,182.49,436.02,,,aba_c
2026-07-06,2026-07-11,7,16,BHZ-MCL,MCL-BHZ,semi leito,NOITE,,,13.0,64.0,51.0,0.2031,0.1877,0.2014,1.0727,174.81699999999995,111.01333333333332,94.82,1.1499522388059702,,116.9,1.05,122.75,189.9,24/06 16:00 | 24/06 01:27 | 24/06 01:26 | 19/06 09:14 | 19/06 09:14,79.9 | 96.9 | 96.9 | 96.9 | 96.9,aba_c
2026-07-05,2026-07-10,6,15,JDF-SAO,JDF-SAO,semi leito,NOITE,,,21.0,104.0,83.0,0.2019,0.1377,0.1696,1.2311,145.16500000000002,128.44500000000002,97.19,1.0681358208955223,,123.9,,123.9,226.35,23/06 12:22 | 23/06 12:18 | 08/06 11:01 | 08/06 10:08 | 08/06 10:08,104.9 | 104.9 | 104.9 | 104.9 | 104.9,aba_c
2026-07-07,2026-07-12,1,17,ANG-BHZ,BHZ-ANG,semi leito,NOITE,,,9.0,46.0,37.0,0.1957,0.1157,0.1926,1.6653,,207.48499999999999,174.01,1.291618454935623,,197.9,1.0,197.9,397.6,,,aba_c
2026-07-05,2026-07-10,6,15,BAT-SAO,BAT-SAO,semi leito,TARDE,,,9.0,46.0,37.0,0.1957,0.0516,0.1089,2.1116,211.55833333333337,84.14,65.23,1.1017,2026-06-15 13:11:46.491547,143.9,,143.9,252.3,22/06 20:28 | 22/06 20:28 | 22/06 20:28 | 20/06 15:19 | 14/06 22:15,42.9 | 42.9 | 42.9 | 78.9 | 73.9,aba_c
2026-07-04,2026-07-09,5,14,CAB-JDF,JDF-CAB,semi leito,NOITE,,,9.0,46.0,37.0,0.1957,0.0543,0.1607,2.9582,138.25181818181818,65.02,56.79,1.0823897058823542,,95.9,0.9,86.31,154.16,,,aba_c
2026-07-05,2026-07-10,6,15,CAB-RIO,CAB-RIO,semi leito,TARDE,,,9.0,46.0,37.0,0.1957,0.0797,0.1748,2.1928,91.32272727272729,42.803333333333335,41.57,1.2380952380952375,,56.9,1.05,59.75,105.57,,,aba_c
2026-07-05,2026-07-10,6,15,BHZ-SAO,SAO-BHZ,semi leito,MANHA,,,8.0,42.0,34.0,0.1905,0.0605,0.1261,2.0845,194.6011111111111,96.135,90.9,1.2409206224350207,,119.9,,119.9,301.5,22/06 20:04 | 22/06 18:27 | 22/06 18:24 | 22/06 18:24 | 22/06 18:12,45.9 | 130.9 | 93.9 | 93.9 | 130.9,aba_c
2026-07-08,2026-07-13,2,18,CGR-SAO,CGR-SAO,semi leito,TARDE,,,11.0,60.0,49.0,0.1833,0.1037,0.1833,1.768,470.66,197.38,153.08,1.5115,2026-06-12 16:53:55.595132,215.9,1.1025,238.03,431.29,23/06 14:17 | 09/06 12:48 | 09/06 12:48 | 07/06 09:00 | 07/06 09:00,191.9 | 0.0 | 0.0 | 155.9 | 155.9,aba_c
2026-07-08,2026-07-13,2,18,CAB-VIX,VIX-CAB,semi leito,NOITE,,,8.0,44.0,36.0,0.1818,0.0956,0.1772,1.8531,,91.11,77.52,1.1515,2026-06-15 13:11:46.491547,104.9,1.1,115.39,223.38,,,aba_c
2026-07-06,2026-07-11,7,16,ARB-SAO,SAO-ARB,semi leito,NOITE,,,21.0,116.0,95.0,0.181,0.141,0.1612,1.1436,195.53,130.49,102.57,1.0,,111.9,,111.9,317.4,,,aba_c
2026-07-04,2026-07-09,5,14,BAT-SAO,SAO-BAT,semi leito,NOITE,,,16.0,91.0,75.0,0.1758,0.1463,0.1512,1.0336,159.0,104.47,91.21,1.2662,2026-06-15 13:11:46.491547,156.9,,156.9,252.3,24/06 05:34 | 23/06 11:26 | 23/06 11:26 | 17/06 12:49 | 16/06 21:52,85.9 | 110.9 | 110.9 | 110.9 | 0.0,aba_c
2026-07-08,2026-07-13,2,18,CAB-RIO,CAB-RIO,semi leito,NOITE,,,8.0,46.0,38.0,0.1739,0.0435,0.1549,3.5636,91.12277777777777,50.295,42.03,1.2311763157894737,,62.9,1.05,66.05,105.57,,,aba_c
2026-07-08,2026-07-13,2,18,MCE-RIO,RIO-MCE,semi leito,NOITE,,,8.0,46.0,38.0,0.1739,0.0889,0.1601,1.8013,,63.69,31.28,1.3784,2026-06-22 19:35:33.320074,68.9,1.1025,75.96,86.43,20/06 19:58 | 16/06 21:25 | 16/06 08:59 | 16/06 08:59 | 16/06 08:59,34.9 | 0.0 | 31.9 | 31.9 | 31.9,aba_c
2026-07-02,2026-07-07,3,12,SAO-SJK,SAO-SJK,semi leito,NOITE,,,8.0,46.0,38.0,0.1739,0.1039,0.1667,1.6035,52.218421052631534,26.33,20.9,1.129492302052787,,33.9,1.05,35.6,55.2,22/06 19:10 | 22/06 17:42 | 22/06 08:52 | 21/06 23:43 | 21/06 04:02,21.9 | 0.0 | 21.9 | 19.9 | 19.9,aba_c
2026-07-05,2026-07-10,6,15,BRU-SAO,SAO-BRU,semi leito,TARDE,,,7.0,42.0,35.0,0.1667,0.0682,0.145,2.127,166.807,63.18333333333334,53.9,1.0,,79.9,1.05,83.9,143.62,22/06 11:18 | 22/06 11:18 | 22/06 11:18 | 22/06 11:18 | 19/06 11:31,53.9 | 53.9 | 53.9 | 53.9 | 0.0,aba_c
2026-07-06,2026-07-11,7,16,JDF-SAO,JDF-SAO,semi leito,NOITE,,,10.0,60.0,50.0,0.1667,0.127,0.1529,1.2037,141.61857142857144,128.44500000000002,122.7,1.1315168350168354,,118.9,1.05,124.85,226.35,23/06 17:05 | 23/06 17:05 | 23/06 17:05 | 23/06 17:05 | 22/06 15:52,90.9 | 90.9 | 90.9 | 90.9 | 67.9,aba_c
2026-07-06,2026-07-11,7,16,MCE-RIO,MCE-RIO,semi leito,TARDE,,,7.0,44.0,37.0,0.1591,0.0717,0.1345,1.8754,,43.38,27.61,1.1543181818181818,,46.9,1.05,49.25,86.43,24/06 20:45 | 23/06 17:06 | 22/06 21:43 | 20/06 23:25 | 20/06 23:13,29.9 | 26.9 | 29.9 | 26.9 | 24.9,aba_c
2026-07-02,2026-07-07,3,12,MCE-SAO,SAO-MCE,semi leito,NOITE,,,7.0,44.0,37.0,0.1591,0.129,0.1507,1.1683,213.75555555555556,108.32,96.61,1.1489004128441709,,153.9,0.9999999999609376,153.9,284.28,20/06 22:16 | 20/06 22:16 | 17/06 19:40 | 16/06 00:09 | 16/06 00:09,109.9 | 109.9 | 102.9 | 95.9 | 95.9,aba_c
2026-07-06,2026-07-11,7,16,MCE-SAO,SAO-MCE,semi leito,NOITE,,,7.0,44.0,37.0,0.1591,0.1506,0.1581,1.0496,220.66666666666666,129.2725,85.33,1.2061292672502217,,161.9,,161.9,284.28,24/06 12:11 | 21/06 19:53 | 16/06 22:12 | 13/06 16:24 | 05/06 19:43,87.9 | 88.9 | 88.9 | 88.9 | 80.9,aba_c
2026-07-08,2026-07-13,2,18,BHZ-MCL,BHZ-MCL,semi leito,TARDE,,,10.0,64.0,54.0,0.1563,0.1052,0.151,1.4363,188.81999999999996,95.565,94.9,1.3330559523809518,,161.9,1.05,170.0,189.9,22/06 12:04 | 22/06 12:04 | 09/06 00:56 | 09/06 00:40 | 09/06 00:38,79.9 | 79.9 | 89.9 | 82.9 | 82.9,aba_c
2026-07-04,2026-07-09,5,14,ARB-SAO,SAO-ARB,semi leito,NOITE,,,18.0,116.0,98.0,0.1552,0.1506,0.1577,1.0471,195.53,130.49,109.18,1.1544,2026-06-12 18:08:27.453643,134.9,,134.9,317.4,,,aba_c
2026-07-04,2026-07-09,5,14,CRG-SAO,CRG-SAO,semi leito,MANHA,,,14.0,91.0,77.0,0.1538,0.08,0.1359,1.6976,98.5,59.455000000000005,42.61,1.2281,2026-06-15 13:11:46.491547,53.9,1.05,56.6,164.71,,,aba_c
2026-07-04,2026-07-09,5,14,BHZ-DTI,BHZ-DTI,semi leito,NOITE,,,7.0,46.0,39.0,0.1522,0.1087,0.1522,1.4,177.195,69.96333333333334,66.76,2.402,2026-06-22 19:35:33.320074,191.9,0.99,189.98,189.44,21/06 04:20 | 19/06 18:59 | 19/06 18:59 | 17/06 11:33 | 16/06 18:24,74.9 | 66.9 | 66.9 | 66.9 | 59.9,aba_c
2026-07-08,2026-07-13,2,18,BHZ-DTI,BHZ-DTI,semi leito,NOITE,,,7.0,46.0,39.0,0.1522,0.0909,0.1522,1.6739,177.195,65.1,57.9,1.2635,2026-06-12 18:08:27.453643,100.9,1.05,105.95,189.44,04/06 09:48 | 24/05 15:51 | 29/04 09:20 | 29/04 09:20 | 29/04 09:20,68.9 | 61.9 | 54.9 | 54.9 | 54.9,aba_c
2026-07-08,2026-07-13,2,18,OLP-SAO,OLP-SAO,semi leito,NOITE,,,7.0,46.0,39.0,0.1522,0.0714,0.1286,1.8027,159.0,96.075,84.47,1.171045454545455,,129.9,1.05,136.4,242.55,24/06 21:17 | 24/06 21:17 | 21/06 16:29 | 21/06 15:50 | 21/06 13:45,104.9 | 104.9 | 97.9 | 97.9 | 61.9,aba_c
2026-07-02,2026-07-07,3,12,PAS-SAO,SAO-PAS,semi leito,NOITE,,,7.0,46.0,39.0,0.1522,0.1375,0.1424,1.0356,231.9,89.00999999999999,72.76,1.1198,2026-06-12 18:08:27.453643,110.9,1.1025,122.27,273.24,15/06 21:56 | 15/06 21:56 | 09/06 08:22 | 08/06 20:03 | 08/06 20:03,69.9 | 69.9 | 79.9 | 79.9 | 79.9,aba_c
2026-07-02,2026-07-07,3,12,ARB-SAO,ARB-SAO,semi leito,NOITE,,,17.0,113.0,96.0,0.1504,0.1167,0.1327,1.1368,195.0,134.57999999999998,118.08,1.1647,2026-06-12 18:08:27.453643,130.9,,130.9,317.4,,,aba_c
2026-07-08,2026-07-13,2,18,CAB-SAO,SAO-CAB,semi leito,NOITE,,,13.0,88.0,75.0,0.1477,0.1377,0.1596,1.1592,190.9,132.985,114.44,1.2740939036381511,,141.9,,141.9,450.06,,,aba_c
2026-07-03,2026-07-08,4,13,RIO-STS,RIO-STS,semi leito,NOITE,,,6.0,41.0,35.0,0.1463,0.0,0.1393,,159.9,209.14,86.73,1.011309523809524,,110.9,0.9999999999999998,110.9,353.09,,,aba_c
2026-07-06,2026-07-11,7,16,BRU-SAO,SAO-BRU,semi leito,TARDE,,,6.0,42.0,36.0,0.1429,0.0682,0.1304,1.9122,165.40851851851852,63.18333333333334,57.23,1.1046136363636365,,92.9,1.0,92.9,143.62,24/06 09:23 | 22/06 20:27 | 10/06 17:17 | 08/06 00:28 | 08/06 00:28,56.9 | 66.9 | 66.9 | 50.9 | 50.9,aba_c
2026-07-07,2026-07-12,1,17,CRG-SAO,SAO-CRG,semi leito,NOITE,,,13.0,91.0,78.0,0.1429,0.0967,0.1354,1.4001,103.79999999999998,61.16,60.21,1.2534,2026-06-15 13:11:46.491547,60.9,1.05,63.95,164.71,,,aba_c
2026-07-02,2026-07-07,3,12,SAO-SJK,SAO-SJK,semi leito,TARDE,,,6.0,42.0,36.0,0.1429,0.0988,0.1416,1.4328,52.005555555555524,21.655,18.07,1.2983,2026-06-15 13:11:46.491547,27.9,1.05,29.29,55.2,22/06 18:52 | 20/06 13:40 | 15/06 15:34 | 14/04 18:13 | 14/04 18:13,20.9 | 16.9 | 16.9 | 17.9 | 17.9,aba_c
2026-07-06,2026-07-11,7,16,BHZ-MCL,BHZ-MCL,semi leito,MANHA,,,9.0,64.0,55.0,0.1406,0.1296,0.133,1.0263,188.82,112.42999999999999,84.57,1.5366,2026-06-15 13:11:46.491547,133.9,1.05,140.6,189.9,21/06 19:31 | 21/06 19:31 | 21/06 16:27 | 17/06 20:00 | 13/06 15:00,86.9 | 86.9 | 79.9 | 79.9 | 0.0,aba_c
2026-07-03,2026-07-08,4,13,MCE-RIO,MCE-RIO,semi leito,MANHA,,,6.0,45.0,39.0,0.1333,0.1164,0.1199,1.03,,39.34,27.4,1.1740020434861893,,58.9,,58.9,86.43,24/06 19:09 | 24/06 09:38 | 23/06 16:03 | 23/06 15:15 | 20/06 20:39,29.9 | 26.9 | 23.9 | 23.9 | 29.9,aba_c
2026-07-08,2026-07-13,2,18,QDC-SAO,SAO-QDC,semi leito,NOITE,,,6.0,45.0,39.0,0.1333,0.0,0.1209,,314.64285714285717,162.82,153.23,1.2545305661404451,,190.9,,190.9,256.0,24/06 19:44 | 24/06 18:34 | 19/06 16:39 | 19/06 16:39 | 18/06 12:18,152.9 | 152.9 | 159.9 | 159.9 | 146.9,aba_c
2026-07-05,2026-07-10,6,15,CRG-SAO,CRG-SAO,semi leito,MANHA,,,12.0,91.0,79.0,0.1319,0.08,0.1226,1.5325,98.5,59.455000000000005,55.07,1.3537,2026-06-15 13:11:46.491547,62.9,1.0,62.9,164.71,,,aba_c
2026-07-08,2026-07-13,2,18,BHZ-DTI,DTI-BHZ,semi leito,MANHA,,,6.0,46.0,40.0,0.1304,0.0815,0.1035,1.2697,120.02,78.3,73.73,1.4326,2026-06-12 18:08:27.453643,135.9,1.0,135.9,189.44,19/06 13:27 | 18/06 11:13 | 17/06 00:01 | 14/06 22:55 | 06/06 17:16,83.9 | 0.0 | 73.9 | 74.9 | 73.9,aba_c
2026-07-07,2026-07-12,1,17,CAB-JDF,JDF-CAB,semi leito,NOITE,,,6.0,46.0,40.0,0.1304,0.0877,0.1259,1.4348,148.98066666666668,99.57499999999999,74.23,1.320276104417671,,100.9,0.9999999999609376,100.9,154.16,,,aba_c
2026-07-02,2026-07-07,3,12,CAB-SAO,CAB-SAO,semi leito,NOITE,,,11.0,88.0,77.0,0.125,0.0777,0.0939,1.2083,249.99,131.31,124.17,1.0,,149.9,0.850016209303444,127.42,450.06,,,aba_c
2026-07-02,2026-07-07,3,12,JDF-SAO,SAO-JDF,semi leito,NOITE,,,13.0,104.0,91.0,0.125,0.0956,0.1129,1.1806,159.99,118.28,88.82,1.0,,129.9,,129.9,226.35,23/06 17:13 | 20/06 20:37 | 20/06 20:37 | 20/06 12:01 | 19/06 13:56,74.9 | 58.9 | 58.9 | 0.0 | 0.0,aba_c
2026-07-02,2026-07-07,3,12,BHZ-BSB,BHZ-BSB,semi leito,NOITE,,,5.0,41.0,36.0,0.122,0.0222,0.1511,6.7997,234.19333333333336,134.065,126.14,1.0748520566121196,,119.9,1.125,134.89,428.62,,,aba_c
2026-07-05,2026-07-10,6,15,BHZ-MCL,BHZ-MCL,semi leito,NOITE,,,21.0,174.0,153.0,0.1207,0.0959,0.1158,1.2077,171.00799999999998,111.01333333333332,106.85,1.2444069978632486,,130.9,1.0,130.9,189.9,23/06 22:40 | 23/06 22:40 | 23/06 22:40 | 23/06 18:34 | 23/06 18:34,86.9 | 86.9 | 86.9 | 87.9 | 87.9,aba_c
2026-07-02,2026-07-07,3,12,BHZ-IPA,BHZ-IPA,semi leito,MANHA,,,5.0,42.0,37.0,0.119,0.0551,0.1027,1.8649,133.98666666666668,65.125,55.1,1.0669725609756093,,73.9,1.05,77.6,154.7,,,aba_c
2026-07-03,2026-07-08,4,13,SAO-SJK,SJK-SAO,semi leito,NOITE,,,5.0,42.0,37.0,0.119,0.116,0.119,1.0259,44.869444444444525,39.225,24.1,1.8022,2026-06-12 18:08:27.453643,41.9,1.05,44.0,55.2,22/06 14:20 | 03/06 10:29 | 11/05 22:55 | 11/05 22:55 | 11/05 22:55,25.9 | 25.9 | 22.9 | 22.9 | 22.9,aba_c
2026-07-04,2026-07-09,5,14,JDF-SAO,SAO-JDF,semi leito,NOITE,,,12.0,104.0,92.0,0.1154,0.0695,0.0937,1.3484,169.99,128.44500000000002,105.32,1.0575807482758621,,143.9,,143.9,226.35,24/06 15:41 | 16/06 15:59 | 15/06 21:55 | 08/06 15:26,104.9 | 104.9 | 102.9 | 215.9,aba_c
2026-07-06,2026-07-11,7,16,SAO-SJK,SJK-SAO,semi leito,MANHA,,,10.0,88.0,78.0,0.1136,0.1044,0.1083,1.0374,45.15833333333336,30.635,19.7,1.1048353462157818,,34.9,,34.9,55.2,24/06 17:11 | 24/06 17:10 | 24/06 17:09 | 23/06 14:26 | 22/06 12:07,17.9 | 17.9 | 17.9 | 21.9 | 0.0,aba_c
2026-07-06,2026-07-11,7,16,BHZ-MCE,BHZ-MCE,semi leito,NOITE,,,5.0,45.0,40.0,0.1111,0.0329,0.1092,3.3219,200.9,137.89,127.7,1.2061292672502217,,220.9,,220.9,503.81,22/06 18:34 | 22/06 10:39 | 05/06 11:15 | 03/06 20:06 | 03/06 20:06,128.9 | 128.9 | 126.9 | 126.9 | 126.9,aba_c
2026-07-02,2026-07-07,3,12,BHZ-IPA,BHZ-IPA,semi leito,NOITE,,,5.0,46.0,41.0,0.1087,0.0772,0.08,1.0365,133.35,78.0,60.1,1.1962990430622011,,103.9,,103.9,154.7,,,aba_c
2026-07-07,2026-07-12,1,17,CMP-SJK,SJK-CMP,semi leito,MANHA,,,5.0,46.0,41.0,0.1087,0.0105,0.0724,6.896,,43.09,36.7,1.1638571428571425,,44.9,1.0,44.9,83.0,,,aba_c
2026-07-08,2026-07-13,2,18,BHZ-MCL,MCL-BHZ,semi leito,NOITE,,,13.0,128.0,115.0,0.1016,0.0625,0.0977,1.5638,183.37,115.60999999999999,106.82,1.1993847756410252,,115.9,,115.9,189.9,24/06 23:39 | 24/06 11:25 | 23/06 22:40 | 23/06 22:40 | 23/06 22:40,177.9 | 149.9 | 83.9 | 83.9 | 83.9,aba_c
2026-07-05,2026-07-10,6,15,CMP-SAO,CMP-SAO,semi leito,NOITE,,,9.0,92.0,83.0,0.0978,0.0543,0.0978,1.8,55.718749999999986,28.73,26.68,1.1051541935483866,,48.9,,48.9,41.8,24/06 17:27 | 24/06 11:57 | 24/06 11:57 | 24/06 11:57 | 23/06 19:49,24.9 | 28.9 | 28.9 | 28.9 | 28.9,aba_c
2026-07-08,2026-07-13,2,18,SAO-UDI,UDI-SAO,semi leito,NOITE,,,4.0,41.0,37.0,0.0976,0.1778,0.1984,1.116,192.32999999999998,133.21,96.4,1.1627823720259547,,132.9,1.10125,146.36,301.0,23/06 09:57 | 23/06 09:57 | 17/06 17:22 | 13/06 09:29,99.9 | 99.9 | 92.9 | 92.9,aba_c
2026-07-02,2026-07-07,3,12,BHZ-IPA,IPA-BHZ,semi leito,MANHA,,,4.0,42.0,38.0,0.0952,0.0636,0.0874,1.3744,129.8,65.125,56.9,1.1143092592592587,,85.9,,85.9,154.7,,,aba_c
2026-07-03,2026-07-08,4,13,SAO-SJK,SAO-SJK,semi leito,TARDE,,,4.0,42.0,38.0,0.0952,0.0238,0.0893,3.75,51.79545454545455,30.735,16.65,1.3692,2026-06-15 13:11:46.491547,28.9,1.0,28.9,55.2,23/06 14:27 | 18/06 23:35 | 06/06 07:39 | 06/06 07:39,14.9 | 17.9 | 16.9 | 16.9,aba_c
2026-07-06,2026-07-11,7,16,BHZ-MCL,BHZ-MCL,semi leito,NOITE,,,6.0,64.0,58.0,0.0938,0.0923,0.0938,1.0156,245.88,111.01333333333332,110.9,1.3477493197278902,,129.9,,129.9,189.9,23/06 19:37 | 20/06 23:17 | 20/06 23:17 | 17/06 21:34 | 13/06 16:05,189.9 | 99.9 | 99.9 | 91.9 | 0.0,aba_c
2026-07-08,2026-07-13,2,18,BHZ-MCL,BHZ-MCL,semi leito,MANHA,,,6.0,64.0,58.0,0.0938,0.0714,0.0938,1.3125,188.82000000000002,96.97,94.57,1.349853823953826,,117.9,,117.9,189.9,24/06 09:01 | 24/06 08:54 | 24/06 08:54 | 18/06 15:45 | 15/06 10:51,95.9 | 95.9 | 95.9 | 95.9 | 95.9,aba_c
2026-07-05,2026-07-10,6,15,CAB-JDF,CAB-JDF,semi leito,TARDE,,,4.0,46.0,42.0,0.087,0.0428,0.0751,1.7523,187.80000000000004,52.79,45.65,1.1318,2026-06-15 13:11:46.491547,77.9,,77.9,154.16,,,aba_c
2026-07-04,2026-07-09,5,14,SAO-SJK,SAO-SJK,semi leito,NOITE,,,4.0,46.0,42.0,0.087,0.0818,0.0822,1.0046,52.58333333333331,27.72333333333333,21.9,1.251,2026-06-15 13:11:46.491547,38.9,,38.9,55.2,22/06 19:11 | 16/06 20:26 | 11/06 06:16 | 10/06 14:51,21.9 | 21.9 | 21.9 | 21.9,aba_c
2026-07-07,2026-07-12,1,17,SAO-SJK,SJK-SAO,semi leito,TARDE,,,4.0,46.0,42.0,0.087,0.084,0.0855,1.0174,45.65000000000005,42.894999999999996,29.9,1.2810869841269845,,43.9,,43.9,55.2,24/06 06:10 | 18/06 14:41 | 18/06 10:39 | 18/06 10:35,29.9 | 29.9 | 29.9 | 29.9,aba_c
2026-07-06,2026-07-11,7,16,CMP-SAO,CMP-SAO,semi leito,MADRUGADA,,,4.0,47.0,43.0,0.0851,0.0403,0.058,1.4387,56.11428571428572,29.386666666666667,20.9,1.6065,2026-06-12 18:08:27.453643,44.9,1.0,44.9,41.8,,,aba_c
2026-07-03,2026-07-08,4,13,SAO-SJK,SJK-SAO,semi leito,MANHA,,,7.0,88.0,81.0,0.0795,0.0439,0.0754,1.7163,44.3704545454546,27.15,22.33,1.382140692640693,,38.9,,38.9,55.2,24/06 20:26 | 24/06 16:20 | 23/06 18:33 | 23/06 14:06 | 21/06 08:11,24.9 | 21.9 | 21.9 | 21.9 | 21.9,aba_c
2026-07-02,2026-07-07,3,12,CMP-SAO,CMP-SAO,semi leito,NOITE,,,7.0,92.0,85.0,0.0761,0.04,0.0761,1.9035,55.57532467532468,32.260000000000005,16.33,1.0,,41.9,,41.9,41.8,21/06 12:32 | 21/06 12:27 | 20/06 12:24 | 14/06 11:47 | 14/06 11:47,16.9 | 16.9 | 16.9 | 15.9 | 15.9,aba_c
2026-07-03,2026-07-08,4,13,CMP-SAO,SAO-CMP,semi leito,TARDE,,,14.0,186.0,172.0,0.0753,0.0217,0.0602,2.7698,54.69230769230769,35.230000000000004,20.19,1.1717218501984124,,46.9,,46.9,41.8,24/06 16:27 | 24/06 09:00 | 23/06 21:43 | 22/06 18:37 | 18/06 17:33,20.9 | 22.9 | 19.9 | 19.9 | 19.9,aba_c
2026-07-02,2026-07-07,3,12,BHZ-MCE,BHZ-MCE,semi leito,NOITE,,,3.0,45.0,42.0,0.0667,0.012,0.0552,4.5891,216.9,143.31,132.23,1.1753863636363628,,214.9,0.9999999999609376,214.9,503.81,20/06 07:48 | 19/06 22:46 | 19/06 22:46,110.9 | 142.9 | 142.9,aba_c
2026-07-03,2026-07-08,4,13,BHZ-MCE,MCE-BHZ,semi leito,NOITE,,,3.0,45.0,42.0,0.0667,0.0222,0.0648,2.9157,,172.56,141.9,1.143647225400458,,209.9,0.9999937499999999,209.9,503.81,24/06 15:51 | 23/06 11:59 | 23/06 11:59,147.9 | 138.9 | 138.9,aba_c
2026-07-02,2026-07-07,3,12,BHZ-IPA,IPA-BHZ,semi leito,TARDE,,,3.0,46.0,43.0,0.0652,0.03,0.0511,1.7017,130.2775,65.725,49.23,1.0516871991978611,,100.9,,100.9,154.7,,,aba_c
2026-07-02,2026-07-07,3,12,CMP-SAO,CMP-SAO,semi leito,MADRUGADA,,,3.0,47.0,44.0,0.0638,0.0492,0.0571,1.1588,56.116666666666674,24.9,24.57,1.2042415636023633,,33.9,,33.9,41.8,,,aba_c
2026-07-02,2026-07-07,3,12,SAO-VIX,SAO-VIX,semi leito,TARDE,,,3.0,56.0,53.0,0.0536,0.0948,0.0981,1.0342,313.52,211.31,134.23,1.10660599078341,,172.9,0.999993752961173,172.9,704.45,24/06 13:01 | 19/06 09:36 | 19/06 09:36 | 18/06 22:46 | 18/06 22:46,142.9 | 129.9 | 129.9 | 0.0 | 0.0,aba_c
2026-07-03,2026-07-08,4,13,CAB-JDF,CAB-JDF,semi leito,NOITE,,,2.0,44.0,42.0,0.0455,0.0326,0.0439,1.3485,187.80000000000004,92.83,61.9,1.1485924812133443,,79.9,0.9500000000019531,75.91,154.16,,,aba_c
2026-07-02,2026-07-07,3,12,CMP-SJK,SJK-CMP,semi leito,MANHA,,,2.0,46.0,44.0,0.0435,0.0073,0.0292,4.0,80.075,31.96,27.9,1.3021265778401119,,49.9,,49.9,83.0,,,aba_c
